{"cameraMode":{"drawMode":0,"name":"Shaded","section":"Shading Mode"},"sceneLighting":true,"audioPlay":false,"sceneViewState":{"m_AlwaysRefresh":false,"showFog":true,"showSkybox":true,"showFlares":true,"showImageEffects":true,"showParticleSystems":true,"showVisualEffectGraphs":true,"m_FxEnabled":true},"in2DMode":false,"pivot":{"x":-0.06508901715278626,"y":1.4612441062927247,"z":0.6027247309684753},"rotation":{"x":0.23333224654197694,"y":-0.7363818883895874,"z":0.29742157459259035,"w":0.5625147223472595},"size":0.40792232751846316,"orthographic":false}